service id,service name,brand/company,service category
B000003TQ9,car wash,Lighty,automotive
B000BRD6E4,spinning class,Music Fitness,fitness and health
B000228E90,manicure deluxe,Floodgate Records,beauty
B000005BOB,advanced soccer clinic,Kung FU,sports
B000001FRL,leaves removal,Roses,gardening
B0000029TW,grocery delivery,PBS,food delivery
B0000C846U,daily bootcamp,Ferret Music,fitness and health
B000AY9OGW,advanced swimming lessongs,Telarc,sports
B00009P1M4,hair color,Mercury,beauty
B000000GTC,advanced soccer clinic,Tvt Soundtrax,sports
B000A1IO4I,trainer session,Sands,fitness and health
B000031VRQ,daily bootcamp,Altissimo,fitness and health
B00009ATJR,beginning swimming lessons,GO,sports
B00000JGXN,painting outdoor,Wax Trax,home service
B00006I0BE,advanced swimming lessongs,Trustkill,sports
B000069KE7,mulching,Ubl,gardening
B0000040YQ,beginning swimming lessons,Sports Club,sports
B0000DZFKY,manicure,Mercury,beauty
B0000047QU,yoga class,Rebound Records,fitness and health
B00022XDZ0,leaves removal,Ubl,gardening
B00000JPDF,cleaning house,Side 1 Dummy Recordings,home service
B0009KQOQ0,pedicure,MACK AVENUE,beauty
B000005H3P,painting indoor,Blue Note,home service
B00005B2Y0,pedicure deluxe,Labels,beauty
B000002KCF,beginning swimming lessons,"FRANKS,MICHAEL",sports
B00065GI3M,painting outdoor,iNetVideo,home service
B0001BRSS0,leaves removal,Vagrant,gardening
B000AGTQ6I,beginning swimming lessons,Interscope --Foot--,sports
B00006JJ4O,highlights,Equal Vision Records,beauty
B000087F4R,intermediate swimming lessons,Kung FU,sports
B0000639BL,aerobics class,MCA,fitness and health
B000071WF4,painting outdoor,CHANNEL CLASSICS,home service
B000002GJS,massage,PopUp,beauty
B0009X75KQ,beginning soccer clinic,Trustkill,sports
B0003035C2,painting indoor,iNetVideo,home service
B0000262WI,aerobics class,JARRETT,fitness and health
B0000C2IWY,grocery delivery,E1 ENTERTAINMENT,food delivery
B00001X52T,trainer session,Summit,fitness and health
B00012FX90,intermediate swimming lessons,Telarc,sports
B000293NF8,hair cut,Snapper,beauty
B000001GXY,building deck,Bach,home service
6304493703,hair cut,Universal,beauty
B000085RS1,beginning swimming lessons,Big Eye,sports
B000001AB1,mulching,Roses,gardening
B00004T1E8,building deck,iNetVideo,home service
B000B5XZVU,facial,Terminus,beauty
B000003QWY,cleaning house,Compendia,home service
B00000K2UT,car wash,Vp,automotive
B00000100D,pedicure,Nails Galore,beauty
B00000JHCN,beginning soccer clinic,Telarc,sports
B0001CGMRW,restaurant food delivery,E1 ENTERTAINMENT,food delivery
B000003CT2,beginning soccer clinic,Telarc,sports
B0002CX1AM,car cleaning,Indianola Records,automotive
B00000477B,grocery delivery,Verve,food delivery
B00000J844,painting outdoor,Compendia,home service
B000051VX0,oil change,Vp,automotive
B000002O8M,highlights,AAA Spa,beauty
B00000267Z,yoga class,MATHIS,fitness and health
B0000017QN,intermediate soccer clinic,Planet,sports
B000002B8A,advanced swimming lessongs,Alice,sports
B000060OZ2,manicure deluxe,Mercury,beauty
B00004SG73,manicure,Labels,beauty
B0007VROH4,cleaning house,Lifeforce,home service
B00000JWS4,cleaning house,Dwell Studio,home service
B00005U8L6,tree removal,Vagrant,gardening
B000002WVP,painting outdoor,RCA,home service
B00005NNFI,trainer session,Sbme,fitness and health
B0000006YQ,cleaning house,Delos,home service
B000005JBQ,tree removal,A.D.A.,gardening
B00000153G,spinning class,Sands,fitness and health
B0002BO0AS,daily bootcamp,,fitness and health
B000BGQS18,plant removal,Avalon,gardening
B00000101D,facial,Nails Galore,beauty
B000001ED1,car wash,Emi,automotive
B000B6H1ZA,mulching,Avalon,gardening
B00008L3RK,hair color,Floodgate Records,beauty
B0006A9GEA,tire change,Indianola Records,automotive
B000ALLCTW,manicure,Universal,beauty
B00009MGQ8,aerobics class,Ferret Music,fitness and health
B00000K51T,restaurant food delivery,BB,food delivery
B0000645K4,tire change,Rocketown,automotive
B00001XDNG,intermediate swimming lessons,Kung Fu,sports
B0001BPPO4,massage,Universal,beauty
B000005WYI,manicure deluxe,Equal Vision Records,beauty
B00000JCO1,car cleaning,Cars Home,automotive
B00096S2IC,trainer session,Ferret Music,fitness and health
B000000GSY,advanced swimming lessongs,Tvt Soundtrax,sports
B000007ODM,facial,Mercury,beauty
B000058DXD,spinning class,Cleopatra,fitness and health
B00004Z3R2,advanced swimming lessongs,Big Eye,sports
1427636702,car wash,Jiffy Lube,automotive
B0000AQRZV,car cleaning,Ultra,automotive
B000003JOQ,yoga class,Capitol Steps,fitness and health
B0000005MR,restaurant food delivery,American Gramaphone,food delivery
B000002HGK,mulching,Atlantic,gardening
B00008OM4C,plant removal,Ubl,gardening
B000009QR3,daily bootcamp,Summit,fitness and health
B000003LJJ,painting outdoor,Bach,home service
B00000100F,fillers,Nails Galore,beauty
B00001T6KF,painting outdoor,Chandos,home service
B000002H7Z,spinning class,Warner,fitness and health
B000003RKI,oil change,CAR REPAIR,automotive
B00006IZN5,hair cut,Equal Vision Records,beauty
B0000041CB,advanced swimming lessongs,Sports Club,sports
B00000I0TH,fixing cement,Chandos,home service
B000008QS3,building deck,RCA,home service
B00000606W,painting indoor,Dwell Studio,home service
1930864000,oil change,Jiffy Lube,automotive
B0002A2VSM,car wash,Hollywood,automotive
B00009L4UU,manicure deluxe,Blue Ocean,beauty
B0009PLM4O,hair style,Mercury,beauty
B000001VTI,plant removal,Delta,gardening
B00000JMKO,manicure deluxe,AAA Spa,beauty
B0000039QD,grocery delivery,BB,food delivery
B000650RT8,pedicure deluxe,Universal,beauty
B0000049OH,spinning class,Albany Records,fitness and health
B000002IZ7,restaurant food delivery,Wendy's,food delivery
B0000A4G6T,manicure,MACK AVENUE,beauty
B00065Y8VG,intermediate swimming lessons,Trustkill,sports
B0001FBT8Q,cleaning house,iNetVideo,home service
B0000AGQ5I,aerobics class,Music Fitness,fitness and health
B00004WKG6,tire change,Frontier,automotive
B00009MGO4,trainer session,Capitol Steps,fitness and health
B000002ITM,plant removal,Atlantic,gardening
B000003RGJ,cleaning house,Wax Trax,home service
B000005MKL,grocery delivery,Sonybmg Norte,food delivery
B00000FXIF,yoga class,Altissimo,fitness and health
B00002621P,spinning class,JARRETT,fitness and health
B00005KBCK,advanced soccer clinic,Robbins ,sports
B000002WRA,cleaning house,RCA,home service
B00000J7R1,fillers,Labels,beauty
B000001ANR,tree removal,Roses,gardening
B000001EWU,plant removal,Roses,gardening
B000002WRT,tree removal,Jdc,gardening
B0000457IN,fixing cement,iNetVideo,home service
B000001EGM,hair color,Island,beauty
B0007X9UQU,fixing cement,Side 1 Dummy Recordings,home service
B0000AGWJX,fixing cement,Putumayo,home service
B000005J0O,restaurant food delivery,PBS,food delivery
B000000WGF,leaves removal,Sand Nursery,gardening
B00004Z3VS,plant removal,LifeStyles,gardening
B000002QBB,leaves removal,Trees and more,gardening
B0002VEPT4,hair style,Equal Vision Records,beauty
B000002H7V,restaurant food delivery,Elektra,food delivery
B0000027FQ,cleaning house,Epic,home service
B0009X76KU,manicure,Terminus,beauty
B00004R95M,tree removal,Sand Nursery,gardening
B00000DLWH,intermediate swimming lessons,New World Music,sports
B0002AAP6C,oil change,Frontier,automotive
B00005OW5G,advanced soccer clinic,Planet,sports
B00003TFTQ,trainer session,MATHIS,fitness and health
B0006ZXJQQ,tree removal,Avalon,gardening
B0000EMY8W,advanced soccer clinic,Trustkill,sports
B000002G4M,tire change,Emi,automotive
B000001E8P,daily bootcamp,Island,fitness and health
B0000TAZSS,advanced swimming lessongs,Interscope,sports
B000068G7N,aerobics class,Capitol Steps,fitness and health
B000002IVL,aerobics class,Warner,fitness and health
B000001Y61,advanced soccer clinic,Interscope,sports
B000009ONF,yoga class,Cleopatra,fitness and health
B000002BM5,intermediate soccer clinic,Alice,sports
B00073K85C,building deck,Lifeforce,home service
B00025E1V2,oil change,Square Enix,automotive
B0000024LW,hair style,Island,beauty
B000001JVQ,aerobics class,Cleopatra,fitness and health
B0007NFLOA,manicure,Floodgate Records,beauty
B000069HGW,tire change,Vp,automotive
B00005U190,car cleaning,Vp,automotive
B000002G5O,fillers,PopUp,beauty
B00004UEHU,grocery delivery,Umgd,food delivery
B0007KTB5I,beginning soccer clinic,Robbins ,sports
B00099IJ7S,painting outdoor,Putumayo,home service
B000001017,massage,Nails Galore,beauty
B00005RIN9,daily bootcamp,MCA,fitness and health
B00000429Q,daily bootcamp,Classics,fitness and health
B00006JMA9,oil change,Ultra,automotive
7798616233,car cleaning,Jiffy Lube,automotive
B0008EJYL4,daily bootcamp,Teatime,fitness and health
B0000003LH,grocery delivery,Too,food delivery
B00020QX1S,pedicure deluxe,Snapper,beauty
B00000IOMM,advanced soccer clinic,YMCA,sports
B0000047R5,daily bootcamp,Rebound Records,fitness and health
B000001Y5B,beginning soccer clinic,Interscope,sports
B000001VUP,leaves removal,Delta,gardening
B00076OMM4,daily bootcamp,Sands,fitness and health
B000002KII,intermediate soccer clinic,"FRANKS,MICHAEL",sports
B00009N1YT,hair color,Equal Vision Records,beauty
B000009RXX,building deck,Dwell Studio,home service
B00004T016,advanced swimming lessongs,Kung Fu,sports
B0000024JA,leaves removal,Glamour Gardens,gardening
B000001EXB,oil change,Emi,automotive
B000002HHJ,daily bootcamp,Warner,fitness and health
B0002IQOEQ,spinning class,Metal Blade,fitness and health
B0000049Q6,daily bootcamp,Albany Records,fitness and health
B000088E6W,mulching,Glamour Gardens,gardening
B00009NH6A,plant removal,Vagrant,gardening
B00004T0NR,daily bootcamp,Cleopatra,fitness and health
B000002V1F,cleaning house,Blue Note,home service
B000003FD7,aerobics class,Sbme,fitness and health
B0000024V0,aerobics class,MATHIS,fitness and health
B00005R60A,fixing cement,Columbia,home service
739045067,tire change,Alfred,automotive
B000051VXH,fixing cement,Wax Trax,home service
B000001C9T,aerobics class,Metal Blade,fitness and health
B000002Q7Y,tree removal,Trees and more,gardening
B000065UER,oil change,Hollywood,automotive
B0002T239A,car cleaning,Square Enix,automotive
B0002BO0QM,pedicure,Equal Vision Records,beauty
B0002IQ9R8,building deck,Blue Note,home service
B00004Z3VR,leaves removal,LifeStyles,gardening
B0009KQOQA,hair style,MACK AVENUE,beauty
B00007D5JQ,car wash,Alfred,automotive
B000003CTF,advanced soccer clinic,Telarc,sports
B00000100P,pedicure deluxe,Nails Galore,beauty
B000002G32,pedicure,PopUp,beauty
B000001026,hair cut,Nails Galore,beauty
B000003EJT,painting indoor,Putumayo,home service
B000005HPZ,tree removal,Glamour Gardens,gardening
B0000A0DV8,car cleaning,Hollywood,automotive
B00001X517,yoga class,Metal Blade,fitness and health
B00006BXJJ,advanced swimming lessongs,Robbins ,sports
B000006P7S,spinning class,Rebound Records,fitness and health
B000000WC1,mulching,Sand Nursery,gardening
B000007SPJ,building deck,Side 1 Dummy Recordings,home service
B0000TG8TS,oil change,Indianola Records,automotive
B000005ZD5,beginning swimming lessons,Tvt Soundtrax,sports
B0009CTUYG,daily bootcamp,Music Fitness,fitness and health
B000BUHAKW,tire change,BRONCO,automotive
B00009MGR1,painting indoor,Columbia,home service
B0006IY4NU,car wash,Firestone,automotive
B00000217Q,beginning swimming lessons,Robbins ,sports
B00016XNE8,intermediate swimming lessons,Robbins ,sports
B000069KEE,intermediate swimming lessons,Big Eye,sports
B00007CWI9,car cleaning,Alfred,automotive
B00070J1AS,oil change,BRONCO,automotive
B000003RJX,tire change,Car repair,automotive
B00000IM6V,restaurant food delivery,Sonybmg Norte,food delivery
B00096S2GO,hair cut,MACK AVENUE,beauty
B0002IQGOY,building deck,Go Kart Records,home service
B0000006ZD,building deck,Delos,home service
B000002TWW,painting outdoor,Blue Note,home service
B00008LKDY,cleaning house,CHANNEL CLASSICS,home service
B00027LD66,oil change,Firestone,automotive
B000001Y5P,intermediate soccer clinic,Interscope,sports
B0000004UU,restaurant food delivery,Too,food delivery
B000006KD5,leaves removal,Jdc,gardening
B000003D37,advanced swimming lessongs,Telarc,sports
B000000Y2A,grocery delivery,Evans,food delivery
B0002ZF0IK,tire change,Square Enix,automotive
B0001CCXT8,cleaning house,Chandos,home service
B000004272,yoga class,,fitness and health
B00000K3WR,restaurant food delivery,Verve,food delivery
B00000C2E2,painting outdoor,Handyman,home service
B00005O6HK,restaurant food delivery,Umgd,food delivery
B000001V88,tree removal,Delta,gardening
B00006JYAS,painting indoor,"Deathwish, Inc.",home service
B000002QAH,plant removal,Trees and more,gardening
6305082286,oil change,Alfred,automotive
B000009E7H,beginning soccer clinic,New World Music,sports
B000004BD3,cleaning house,Go Kart Records,home service
B000002UL6,plant removal,Capitol,gardening
B00004VH3F,advanced soccer clinic,New World Music,sports
B000002TRO,mulching,Capitol,gardening
B00005A0NC,trainer session,Cleopatra,fitness and health
B000B5Y05U,plant removal,DIO,gardening
B0002W4SKE,intermediate soccer clinic,Trustkill,sports
B0001XAJWK,car wash,Rocketown,automotive
B000005ILF,pedicure deluxe,PopUp,beauty
B00000IOMD,intermediate soccer clinic,YMCA,sports
B0007KIGFE,advanced soccer clinic,Alice,sports
B000001G6L,painting indoor,Bach,home service
B0000BWVCE,fixing cement,"Deathwish, Inc.",home service
B000002G1A,hair cut,PopUp,beauty
B00000JC6R,oil change,Lighty,automotive
B00005K9T1,manicure deluxe,Terminus,beauty
B00022FX3A,highlights,MACK AVENUE,beauty
B000003CU7,beginning swimming lessons,Telarc,sports
B0000894Q1,car wash,Cars Home,automotive
B00009V7SX,intermediate soccer clinic,Telarc,sports
B0000UM01C,fillers,Mercury,beauty
B000273EF4,car cleaning,BRONCO,automotive
B00006BS35,plant removal,Glamour Gardens,gardening
B000002Q7R,mulching,Trees and more,gardening
B000001025,manicure deluxe,Nails Galore,beauty
B000219KTY,painting outdoor,Lifeforce,home service
B0000041DX,advanced soccer clinic,Sports Club,sports
B000002H6A,grocery delivery,Elektra,food delivery
B00009YFXX,advanced swimming lessongs,New World Music,sports
B000002HBN,trainer session,Warner,fitness and health
B00007L4QC,tree removal,Ubl,gardening
B000002UDK,tree removal,Capitol,gardening
B0000005L8,grocery delivery,American Gramaphone,food delivery
B00003XA7R,advanced soccer clinic,Echo Bridge Home Entertainment,sports
B0000C7PRS,intermediate swimming lessons,Interscope,sports
B0001JZGT0,building deck,Columbia,home service
B000003TPD,tire change,Lighty,automotive
B000006A6K,trainer session,Albany Records,fitness and health
B0000037S1,grocery delivery,Streetbeat,food delivery
B000008CO3,pedicure,Nails Galore,beauty
B000002IUS,leaves removal,Atlantic,gardening
B00000JQY2,beginning swimming lessons,YMCA,sports
B000003QWP,building deck,Compendia,home service
B000001G41,yoga class,Island,fitness and health
B000003CYR,intermediate swimming lessons,Telarc,sports
,pedicure deluxe,Island,beauty
B00000JND8,yoga class,Teatime,fitness and health
B0001XARR2,fillers,Universal,beauty
B000001V7V,mulching,Delta,gardening
B00005IAFP,intermediate soccer clinic,Robbins ,sports
B000002OJ5,yoga class,MCA,fitness and health
B0000049O0,aerobics class,Albany Records,fitness and health
B0000001WQ,building deck,Handyman,home service
B0000007RZ,mulching,Fat Wreck Chords,gardening
B0002B162I,manicure deluxe,Labels,beauty
B0000028L1,fixing cement,Epic,home service
B000002L61,leaves removal,DIO,gardening
B0000E1WMH,car wash,Indianola Records,automotive
B00000DI3Q,beginning soccer clinic,Kung FU,sports
B0000C9JCK,advanced soccer clinic,Telarc,sports
B00000IAD2,plant removal,Fat Wreck Chords,gardening
B00006GA2O,hair cut,Floodgate Records,beauty
B00005RRLQ,mulching,Vagrant,gardening
B0000793W9,fixing cement,Go Kart Records,home service
B000003N41,fixing cement,Handyman,home service
B0006FFS1K,facial,Vitamin,beauty
B00005J9TP,pedicure,AAA Spa,beauty
B000002UUT,leaves removal,Capitol,gardening
B000066TXY,intermediate swimming lessons,Planet,sports
B00008MJ3V,beginning swimming lessons,Kung Fu,sports
B000AA4LIM,hair style,Blue Ocean,beauty
B0001FVDJ6,spinning class,Ferret Music,fitness and health
B000000YJ7,restaurant food delivery,Evans,food delivery
B0009XRZEW,beginning soccer clinic,Echo Bridge Home Entertainment,sports
B00005KBDS,car wash,Frontier,automotive
B000003RH8,painting indoor,Wax Trax,home service
B00005ORCW,highlights,Vitamin,beauty
B0000C3I62,yoga class,Ferret Music,fitness and health
B000AP2ZO4,pedicure deluxe,Blue Ocean,beauty
B000002KZ1,mulching,DIO,gardening
B00004U0OV,facial,PopUp,beauty
B00004RHX9,hair color,Vitamin,beauty
B0000DD57Q,aerobics class,Teatime,fitness and health
B0002IQJ0A,pedicure deluxe,Mercury,beauty
B00000102F,hair color,Nails Galore,beauty
B000002OHF,trainer session,MCA,fitness and health
B000001E7B,aerobics class,Island,fitness and health
B000003RK0,car cleaning,CAR Repair,automotive
B00025E1UI,car wash,Square Enix,automotive
B000002MJG,mulching,Jdc,gardening
B00004WIT7,beginning soccer clinic,GO,sports
B0007Z47YI,building deck,CHANNEL CLASSICS,home service
B00004Y9XA,fillers,MACK AVENUE,beauty
B0000DZDZ0,beginning swimming lessons,Telarc,sports
B0000001WE,cleaning house,Handyman,home service
B000003CTD,intermediate soccer clinic,Telarc,sports
B0006U3U24,cleaning house,Putumayo,home service
B00003XA9W,intermediate soccer clinic,GO,sports
B000003QWO,painting indoor,Compendia,home service
B000051VS3,manicure deluxe,Universal,beauty
B000001DWG,pedicure,Mercury,beauty
B00005YSMI,beginning swimming lessons,Interscope,sports
B00008NGBE,building deck,"Deathwish, Inc.",home service
B000003RLS,intermediate soccer clinic,Tvt Soundtrax,sports
B00005M0ER,building deck,Chandos,home service
B0000038KP,yoga class,Summit,fitness and health
B0000DIGLL,painting indoor,Chandos,home service
B000009CD0,tree removal,Fat Wreck Chords,gardening
B0009N31E0,trainer session,Music Fitness,fitness and health
B000AYEI9K,facial,MACK AVENUE,beauty
B000003G5R,yoga class,Sbme,fitness and health
B0000049MB,yoga class,Albany Records,fitness and health
B0000261KJ,yoga class,JARRETT,fitness and health
B00002SWNX,fixing cement,RCA,home service
B0001P1EQI,hair color,Snapper,beauty
B000787X0A,hair style,Universal,beauty
B0000E332V,tire change,Ultra,automotive
B000000OCT,tire change,Hollywood,automotive
B000007NE4,tire change,Cars Home,automotive
B0000025SP,spinning class,MATHIS,fitness and health
B00000071E,painting indoor,Delos,home service
B000005LEE,painting indoor,RCA,home service
B00000071I,painting outdoor,Delos,home service
B0006693YM,pedicure,Universal,beauty
B000075A29,leaves removal,Fat Wreck Chords,gardening
B000001Y4J,intermediate swimming lessons,Interscope --Foot--,sports
B00009NJ7S,beginning soccer clinic,Kung Fu,sports
B0002YLDCI,fillers,Equal Vision Records,beauty
B0000000BH,intermediate soccer clinic,New World Music,sports
B000002ITK,tree removal,Atlantic,gardening
B00005YBY1,beginning swimming lessons,Echo Bridge Home Entertainment,sports
B000002YTR,plant removal,Jdc,gardening
B00004U5FO,building deck,Wax Trax,home service
B0000047QD,aerobics class,Rebound Records,fitness and health
B000003RL0,car wash,Car repair,automotive
B0002TTTHY,tire change,Firestone,automotive
B0002SLYKK,fillers,Blue Ocean,beauty
B00001T6KF,painting outdoor,Chandos,home service
B000002H7Z,spinning class,Warner,fitness and health
B0001Z65PS,highlights,Universal,beauty
B00004Z3TS,painting outdoor,Epic,home service
B00004VWB5,car wash,Ultra,automotive
B000ARTML6,tree removal,LifeStyles,gardening
B000001Y6E,advanced swimming lessongs,Interscope --Foot--,sports
B000002G3I,manicure deluxe,PopUp,beauty
B00001OHAF,spinning class,Sbme,fitness and health
B000006P86,trainer session,Rebound Records,fitness and health
B000002KGR,advanced swimming lessongs,"FRANKS,MICHAEL",sports
B000641ZOK,trainer session,Teatime,fitness and health
B0000630DS,beginning swimming lessons,Planet,sports
B000005JCZ,plant removal,A.D.A.,gardening
B000007OL9,restaurant food delivery,Streetbeat,food delivery
B000005JCT,mulching,A.D.A.,gardening
B000002IQ9,grocery delivery,Wendy's,food delivery
B000001FQ6,car cleaning,Emi,automotive
B0001MMFYG,advanced soccer clinic,Big Eye,sports
B00000IMHC,aerobics class,Altissimo,fitness and health
B000001DY5,spinning class,Classics,fitness and health
B0000TWMKC,oil change,Rocketown,automotive
B00003XAEN,advanced swimming lessongs,Echo Bridge Home Entertainment,sports
B00009027C,pedicure,Snapper,beauty
9490614076,tire change,Jiffy Lube,automotive
B00003XA80,intermediate swimming lessons,Echo Bridge Home Entertainment,sports
B000007QGW,daily bootcamp,Sbme,fitness and health
